SavilleHachee@jourrapide.com ;b6edd10559b20cb0a3ddaeb15e5267cc;1;2678192
AnneRossi05400@yahoo.fr;b6edd10559b20cb0a3ddaeb15e5267cc;1;2817282
MarcellineBel05300@gmail.com;b6edd10559b20cb0a3ddaeb15e5267cc;1;1000202
StephHamel05@orange.fr;b6edd10559b20cb0a3ddaeb15e5267cc;1;3019829
ClaclaLebon057@gmail.com;b6edd10559b20cb0a3ddaeb15e5267cc;1;4910201
andreuh05100@orange.fr;b6edd10559b20cb0a3ddaeb15e5267cc;1;6589988
VeroBenoit05Gap@orange.fr;b6edd10559b20cb0a3ddaeb15e5267cc;1;2135455
Jeanledjeuns@yahoo.fr;b6edd10559b20cb0a3ddaeb15e5267cc;1;1254444
MichelLaffontPro@aol.com;b6edd10559b20cb0a3ddaeb15e5267cc;1;5654644
Nunudu05@free.fr;b6edd10559b20cb0a3ddaeb15e5267cc;1;7777777
GrenierBene@gmail.com;b6edd10559b20cb0a3ddaeb15e5267cc;1;1112112
BernardHate@yahoo.fr;b6edd10559b20cb0a3ddaeb15e5267cc;1;9965555
pandalas05@gmail.com;b6edd10559b20cb0a3ddaeb15e5267cc;1;1230303
paulineMonier21@gmail.com;b6edd10559b20cb0a3ddaeb15e5267cc;1;1230304
AvrilTeix005@aol.com;b6edd10559b20cb0a3ddaeb15e5267cc;1;1230305
MathOlivier@orange.fr;b6edd10559b20cb0a3ddaeb15e5267cc;1;1230306
RayLeBest@gmail.com;b6edd10559b20cb0a3ddaeb15e5267cc;1;1230307
PhilFerdinandpro@gmail.com;b6edd10559b20cb0a3ddaeb15e5267cc;1;1230308
lenoirdelapiarre@gmail.com;b6edd10559b20cb0a3ddaeb15e5267cc;1;1230309
DenisMonique053@orange.fr;b6edd10559b20cb0a3ddaeb15e5267cc;1;1230310
